{
  "epochs": [
    0,
    20,
    40,
    60,
    80,
    100,
    120,
    140,
    160,
    180,
    200,
    220,
    240,
    260,
    280,
    300,
    320,
    340,
    360,
    380,
    400,
    420,
    440,
    460,
    480,
    500,
    520,
    540,
    560,
    580,
    600,
    620,
    640,
    660,
    680,
    700,
    720,
    740,
    760,
    780,
    800,
    820,
    840,
    860,
    880,
    900,
    920,
    940,
    960,
    980
  ],
  "train_acc": [
    1.211734693877551,
    80.25085034013605,
    97.1938775510204,
    98.27806122448979,
    98.63945578231292,
    98.72448979591837,
    99.21343537414965,
    99.06462585034014,
    99.4047619047619,
    99.5110544217687,
    99.44727891156462,
    99.2984693877551,
    99.1921768707483,
    99.7874149659864,
    99.72363945578232,
    99.46853741496598,
    99.55357142857143,
    99.27721088435374,
    99.21343537414965,
    99.34098639455782,
    99.48979591836735,
    99.76615646258503,
    99.65986394557824,
    99.85119047619048,
    99.61734693877551,
    99.44727891156462,
    99.57482993197279,
    99.70238095238095,
    99.25595238095238,
    99.61734693877551,
    99.53231292517007,
    99.46853741496598,
    99.76615646258503,
    99.85119047619048,
    99.72363945578232,
    99.80867346938776,
    98.72448979591837,
    99.55357142857143,
    99.82993197278911,
    99.48979591836735,
    99.70238095238095,
    99.6811224489796,
    99.5110544217687,
    99.8937074829932,
    99.1921768707483,
    99.74489795918367,
    99.87244897959184,
    99.5110544217687,
    99.74489795918367,
    99.72363945578232
  ],
  "test_acc": [
    1.0626992561105206,
    1.1052072263549415,
    1.0201912858661,
    0.8501594048884166,
    0.9776833156216791,
    0.871413390010627,
    0.7013815090329437,
    0.9776833156216791,
    0.7013815090329437,
    0.9351753453772582,
    0.9139213602550478,
    0.9564293304994687,
    0.7438894792773645,
    1.1689691817215728,
    1.0414452709883104,
    0.9564293304994687,
    0.9564293304994687,
    1.2752391073326248,
    1.0414452709883104,
    0.8289054197662061,
    0.9989373007438895,
    0.8926673751328374,
    0.9564293304994687,
    0.9139213602550478,
    0.8289054197662061,
    1.0201912858661,
    1.0201912858661,
    0.9776833156216791,
    0.9351753453772582,
    0.8289054197662061,
    1.0201912858661,
    0.8501594048884166,
    0.9989373007438895,
    1.2114771519659937,
    0.9776833156216791,
    1.1477151965993624,
    0.9351753453772582,
    1.0201912858661,
    1.1052072263549415,
    0.9989373007438895,
    1.0414452709883104,
    0.8926673751328374,
    1.0626992561105206,
    0.7651434643995749,
    0.9351753453772582,
    0.8076514346439958,
    1.0626992561105206,
    0.9989373007438895,
    1.0626992561105206,
    1.083953241232731
  ],
  "beta_gradient": [
    0.08854019641876221,
    0.10870671272277832,
    0.09129834175109863,
    0.08249783515930176,
    0.06673836708068848,
    0.07351720333099365,
    0.050760507583618164,
    0.053438544273376465,
    0.04635977745056152,
    0.04491758346557617,
    0.03868067264556885,
    0.04101216793060303,
    0.03687703609466553,
    0.01526498794555664,
    0.019547581672668457,
    0.026595711708068848,
    0.042781710624694824,
    0.026722192764282227,
    0.03179895877838135,
    0.02395915985107422,
    0.028352856636047363,
    0.014046549797058105,
    0.034873247146606445,
    0.028941035270690918,
    0.043439269065856934,
    0.02904188632965088,
    0.03154873847961426,
    0.03618741035461426,
    0.025589942932128906,
    0.05144155025482178,
    0.04722738265991211,
    0.04589724540710449,
    0.03578805923461914,
    0.03710496425628662,
    0.045407891273498535,
    0.04038643836975098,
    0.04747140407562256,
    0.0488513708114624,
    0.050026535987854004,
    0.05233883857727051,
    0.03572070598602295,
    0.05231130123138428,
    0.048905134201049805,
    0.05005455017089844,
    0.06076252460479736,
    0.05630326271057129,
    0.05264270305633545,
    0.05885660648345947,
    0.05369460582733154,
    0.05045115947723389
  ]
}