{
  "epochs": [
    0,
    20,
    40,
    60,
    80,
    100,
    120,
    140,
    160,
    180,
    200,
    220,
    240,
    260,
    280,
    300,
    320,
    340,
    360,
    380,
    400,
    420,
    440,
    460,
    480,
    500,
    520,
    540,
    560,
    580,
    600,
    620,
    640,
    660,
    680,
    700
  ],
  "train_acc": [
    1.0841836734693877,
    57.95068027210884,
    92.453231292517,
    95.34438775510205,
    97.72534013605443,
    97.74659863945578,
    98.61819727891157,
    99.08588435374149,
    99.31972789115646,
    99.27721088435374,
    99.63860544217687,
    99.46853741496598,
    99.59608843537416,
    99.87244897959184,
    99.93622448979592,
    99.76615646258503,
    99.76615646258503,
    99.59608843537416,
    99.76615646258503,
    99.85119047619048,
    99.91496598639456,
    99.93622448979592,
    99.7874149659864,
    99.91496598639456,
    99.95748299319727,
    99.8937074829932,
    99.93622448979592,
    99.91496598639456,
    99.93622448979592,
    99.8937074829932,
    99.95748299319727,
    99.95748299319727,
    99.97874149659864,
    99.93622448979592,
    99.72363945578232,
    99.85119047619048
  ],
  "test_acc": [
    0.021253985122210415,
    0.0,
    0.06376195536663125,
    0.1275239107332625,
    0.2763018065887354,
    0.4038257173219979,
    0.7438894792773645,
    1.0201912858661,
    1.4665249734325185,
    2.3804463336875665,
    3.6131774707757707,
    5.547290116896918,
    10.116896918172158,
    14.750265674814028,
    21.105207226354942,
    27.608926673751327,
    40.99893730074389,
    47.12008501594049,
    58.1721572794899,
    65.69606801275239,
    75.74920297555792,
    80.72263549415516,
    82.38044633368757,
    90.13815090329437,
    94.34643995749202,
    94.38894792773645,
    95.77045696068012,
    97.42826780021254,
    98.46971307120086,
    98.61849096705632,
    98.89479277364507,
    99.31987247608927,
    99.25611052072263,
    99.46865037194473,
    99.25611052072263,
    99.61742826780021
  ],
  "beta_gradient": [
    0.062180161476135254,
    0.18439948558807373,
    0.2391871213912964,
    0.25547754764556885,
    0.2730187773704529,
    0.286374032497406,
    0.3147810697555542,
    0.3220505118370056,
    0.3439452052116394,
    0.3468911647796631,
    0.3589005470275879,
    0.3796221613883972,
    0.3886529207229614,
    0.39533287286758423,
    0.4025605320930481,
    0.4082685708999634,
    0.44271260499954224,
    0.4476526379585266,
    0.4453791379928589,
    0.46006035804748535,
    0.45461392402648926,
    0.47623956203460693,
    0.5036842226982117,
    0.5064482688903809,
    0.5107617378234863,
    0.5145298838615417,
    0.538240373134613,
    0.5546251535415649,
    0.5698724985122681,
    0.5623847842216492,
    0.5830731391906738,
    0.5755220651626587,
    0.5906839966773987,
    0.6168962121009827,
    0.6365641355514526,
    0.649952232837677
  ]
}