{
  "epochs": [
    0,
    1,
    2,
    3,
    4,
    5,
    6,
    7,
    8,
    9,
    10,
    11,
    12,
    13,
    14,
    15,
    16,
    17,
    18,
    19,
    20,
    21,
    22,
    23,
    24,
    25,
    26,
    27,
    28,
    29,
    30,
    31,
    32,
    33,
    34,
    35,
    36,
    37,
    38,
    39,
    40,
    41,
    42,
    43,
    44,
    45,
    46,
    47,
    48,
    49,
    50,
    51,
    52,
    53,
    54,
    55,
    56,
    57,
    58,
    59,
    60,
    61,
    62,
    63,
    64,
    65,
    66,
    67,
    68,
    69,
    70,
    71
  ],
  "train_acc": [
    0.7572738142686329,
    0.9964129135113591,
    1.1159824631327222,
    1.2754085292945396,
    1.3551215623754485,
    1.501262123023781,
    1.5544041450777202,
    1.4879766175102962,
    1.700544705726053,
    1.9529693104822639,
    1.8068287498339313,
    2.3648199814002924,
    2.2851069483193838,
    2.643815597183473,
    2.9892387405340775,
    3.0556662681015014,
    3.401089411452106,
    3.5339444665869535,
    3.4409459279925603,
    4.171648731234224,
    4.676497940746645,
    4.942208051016341,
    5.566626810150126,
    6.031619503122093,
    6.775607811877242,
    7.21402949382224,
    7.400026571011027,
    8.024445330144813,
    8.555865550684203,
    9.299853859439352,
    9.40613790354723,
    10.561976883220407,
    11.040255081705858,
    11.080111598246313,
    11.62481732429919,
    12.421947655108276,
    13.351933041052211,
    14.627341570346752,
    14.627341570346752,
    15.304902351534476,
    16.859306496612195,
    17.616580310880828,
    18.931845356715822,
    20.77853062309021,
    22.811212966653382,
    26.571011026969575,
    30.450378636907136,
    34.728311412249234,
    39.856516540454365,
    45.635711438820245,
    50.57791948983659,
    55.121562375448384,
    58.894645941278064,
    61.19303839511093,
    65.13883353261592,
    67.09180284309818,
    69.27062574730968,
    71.99415437757406,
    73.7079845888136,
    75.22253221735087,
    78.72990567291086,
    80.47030689517736,
    82.21070811744387,
    84.68181214295204,
    87.47176830078385,
    89.75687524910323,
    91.05885478942474,
    92.56011691244852,
    93.94180948585094,
    94.35366015676897,
    95.85492227979275,
    96.00106284044108
  ],
  "test_acc": [
    0.37194473963868224,
    0.21253985122210414,
    0.10626992561105207,
    0.0,
    0.0,
    0.0,
    0.0,
    0.0,
    0.0,
    0.0,
    0.0,
    0.0,
    0.0,
    0.0,
    0.0,
    0.0,
    0.0,
    0.0,
    0.0,
    0.0,
    0.0,
    0.0,
    0.0,
    0.0,
    0.0,
    0.0,
    0.0,
    0.0,
    0.0,
    0.0,
    0.0,
    0.0,
    0.0,
    0.0,
    0.0,
    0.0,
    0.0,
    0.0,
    0.0,
    0.0,
    0.0,
    0.0,
    0.053134962805526036,
    0.10626992561105207,
    0.4250797024442083,
    0.6376195536663124,
    1.487778958554729,
    1.9659936238044633,
    3.8788522848034006,
    6.588735387885229,
    10.201912858660998,
    13.177470775770457,
    17.00318809776833,
    20.988310308182783,
    24.017003188097767,
    27.895855472901168,
    34.75026567481403,
    39.42614240170032,
    47.024442082890545,
    52.81615302869288,
    61.10520722635494,
    69.12858660998937,
    78.7991498405951,
    87.03506907545164,
    92.18916046758767,
    96.75876726886291,
    98.83103081827842,
    99.68119022316684,
    99.68119022316684,
    99.89373007438894,
    99.89373007438894,
    100.0
  ],
  "beta_gradient": [
    0.06530606746673584,
    0.06291139125823975,
    0.061144232749938965,
    0.05822145938873291,
    0.05772709846496582,
    0.056172966957092285,
    0.05601000785827637,
    0.05257463455200195,
    0.05195307731628418,
    0.05198371410369873,
    0.04828035831451416,
    0.048244357109069824,
    0.046993374824523926,
    0.04800868034362793,
    0.04923427104949951,
    0.05009472370147705,
    0.048804640769958496,
    0.05129837989807129,
    0.04982900619506836,
    0.053362131118774414,
    0.05707228183746338,
    0.057147979736328125,
    0.05724287033081055,
    0.05996513366699219,
    0.057288289070129395,
    0.060482144355773926,
    0.06531751155853271,
    0.0649862289428711,
    0.07284998893737793,
    0.0753469467163086,
    0.08419263362884521,
    0.08247792720794678,
    0.08233261108398438,
    0.087818443775177,
    0.08643323183059692,
    0.09490281343460083,
    0.10143369436264038,
    0.10672330856323242,
    0.11505138874053955,
    0.11632770299911499,
    0.12287116050720215,
    0.12375485897064209,
    0.12117552757263184,
    0.12170851230621338,
    0.08455520868301392,
    0.031504690647125244,
    0.02093374729156494,
    0.07044029235839844,
    0.18437707424163818,
    0.29503560066223145,
    0.38883477449417114,
    0.45807719230651855,
    0.48062586784362793,
    0.5265220403671265,
    0.5273164510726929,
    0.5509620308876038,
    0.5526818037033081,
    0.5756457448005676,
    0.5848807096481323,
    0.587169349193573,
    0.5838583111763,
    0.5953840613365173,
    0.5970191359519958,
    0.6116427779197693,
    0.6052122116088867,
    0.6216785907745361,
    0.5953972935676575,
    0.5954182147979736,
    0.5756646990776062,
    0.5641269683837891,
    0.5533050298690796,
    0.5450184941291809
  ],
  "timestamp": "2026-01-19T11:48:00.287073"
}